registration_id	key_hex	file_name
8F5100E04C68009311F19DF551E635C6	00000002	ab132638-5188-470d-9432-de85f2b2c7d8_dynupdate_2909f9dd-1510-4532-b1fa-94d314b2b11f.0
8F5100E04C68009311F19DF551E63C63	00000002	a627e390-8fad-4a95-afe6-674f54813188_dynupdate_2909f9dd-1510-4532-b1fa-94d314b2b11f.0
8F5100E04C68009311F19DF551E6423E	00000002	35bc58df-8aff-48dd-83a9-b60b0461f94d_dynupdate_2909f9dd-1510-4532-b1fa-94d314b2b11f.0
8F5100E04C68009311F19DF551E6423E	00000003	35bc58df-8aff-48dd-83a9-b60b0461f94d_dynupdate_2909f9dd-1510-4532-b1fa-94d314b2b11f.1
8F5100E04C68009311F19DF551E64C3B	00000002	ab132638-5188-470d-9432-de85f2b2c7d8_dynupdate_2909f9dd-1510-4532-b1fa-94d314b2b11f.0
8F5100E04C68009311F19DF551E652D8	00000002	a627e390-8fad-4a95-afe6-674f54813188_dynupdate_2909f9dd-1510-4532-b1fa-94d314b2b11f.0
8F5100E04C68009311F19DF55208D9F7	00000002	35bc58df-8aff-48dd-83a9-b60b0461f94d_dynupdate_2909f9dd-1510-4532-b1fa-94d314b2b11f.0
8F5100E04C68009311F19DF55208D9F7	00000003	35bc58df-8aff-48dd-83a9-b60b0461f94d_dynupdate_2909f9dd-1510-4532-b1fa-94d314b2b11f.1
8F5100E04C68009311F19DF55208E3F4	00000002	ab132638-5188-470d-9432-de85f2b2c7d8_dynupdate_2909f9dd-1510-4532-b1fa-94d314b2b11f.0
8F5100E04C68009311F19DF55208EA91	00000002	a627e390-8fad-4a95-afe6-674f54813188_dynupdate_2909f9dd-1510-4532-b1fa-94d314b2b11f.0
8F5100E04C68009311F19DF55208F06C	00000002	35bc58df-8aff-48dd-83a9-b60b0461f94d_dynupdate_2909f9dd-1510-4532-b1fa-94d314b2b11f.0
8F5100E04C68009311F19DF55208F06C	00000003	35bc58df-8aff-48dd-83a9-b60b0461f94d_dynupdate_2909f9dd-1510-4532-b1fa-94d314b2b11f.1
